{
  "$schema": "http://json-schema.org/schema",
  "id": "SchematicsAngularGuard",
  "title": "Angular Guard Options Schema",
  "type": "object",
  "properties": {
    "name": {
      "type": "string",
      "description": "The name of the guard.",
      "$default": {
        "$source": "argv",
        "index": 0
      }
    },
    "spec": {
      "type": "boolean",
      "description": "Specifies if a spec file is generated.",
      "default": true
    },
    "flat": {
      "type": "boolean",
      "description": "Flag to indicate if a dir is created.",
      "default": true
    },
    "path": {
      "type": "string",
      "format": "path",
      "description": "The path to create the interface.",
      "visible": false
    },
    "project": {
      "type": "string",
      "description": "The name of the project.",
      "$default": {
        "$source": "projectName"
      }
    }
  },
  "required": []
}
